short_name,nationality_name,club_name,macro_pos,perfil,cluster,overall,age,score_impacto,rank_global
L. Messi,Argentina,Paris Saint-Germain,FWD,Delantero Estrella,1,93,34,94.3,1
K. Mbappé,France,Paris Saint-Germain,FWD,Delantero Estrella,1,91,22,92.33,2
K. De Bruyne,Belgium,Manchester City,MID,Mediocampista Élite,1,91,30,91.79,3
Cristiano Ronaldo,Portugal,Manchester United,FWD,Delantero Estrella,1,91,36,91.24,4
R. Lewandowski,Poland,FC Bayern München,FWD,Delantero Estrella,1,92,32,89.19,5
V. van Dijk,Netherlands,Liverpool,DEF,Defensa Élite,1,89,29,89.19,6
Bruno Fernandes,Portugal,Manchester United,MID,Mediocampista Élite,1,88,26,88.92,7
L. Modrić,Croatia,Real Madrid CF,MID,Mediocampista Élite,1,87,35,88.83,8
M. Neuer,Germany,FC Bayern München,GK,Portero Titular,1,90,35,88.72,9
S. Mané,Senegal,Liverpool,FWD,Delantero Estrella,1,89,29,88.61,10
F. de Jong,Netherlands,FC Barcelona,MID,Mediocampista Élite,1,87,24,88.41,11
J. Kimmich,Germany,FC Bayern München,MID,Mediocampista Élite,1,89,26,87.76,12
K. Benzema,France,Real Madrid CF,FWD,Delantero Estrella,1,89,33,87.75,13
S. Agüero,Argentina,FC Barcelona,FWD,Delantero Estrella,1,87,33,87.68,14
P. Pogba,France,Manchester United,MID,Mediocampista Élite,1,87,28,87.44,15
R. Sterling,England,Manchester City,FWD,Delantero Estrella,1,88,26,87.31,16
Sergio Ramos,Spain,Paris Saint-Germain,DEF,Defensa Élite,1,88,35,87.01,17
L. Suárez,Uruguay,Atlético de Madrid,FWD,Delantero Estrella,1,88,34,86.81,18
H. Kane,England,Tottenham Hotspur,FWD,Delantero Estrella,1,90,27,86.74,19
Thiago,Spain,Liverpool,MID,Mediocampista Élite,1,86,30,86.59,20
P. Dybala,Argentina,Juventus,FWD,Delantero Estrella,1,87,27,86.31,21
K. Navas,Costa Rica,Paris Saint-Germain,GK,Portero Titular,1,88,34,86.31,22
Rúben Dias,Portugal,Manchester City,DEF,Defensa Élite,1,87,24,86.04,23
W. Weghorst,Netherlands,VfL Wolfsburg,FWD,Pivote / Referencia,2,83,28,86.03,24
Bernardo Silva,Portugal,Manchester City,MID,Mediocampista Élite,1,86,26,85.98,25
R. Lukaku,Belgium,Chelsea,FWD,Delantero Estrella,1,88,28,85.91,26
Koke,Spain,Atlético de Madrid,MID,Mediocampista Élite,1,85,29,85.89,27
Y. Tielemans,Belgium,Leicester City,MID,Mediocampista Élite,1,84,24,85.77,28
A. Griezmann,France,Atlético de Madrid,FWD,Delantero Estrella,1,85,30,85.7,29
T. Courtois,Belgium,Real Madrid CF,GK,Portero Titular,1,89,29,85.69,30
Adryan Zonta,Brazil,RB Bragantino,DEF,Lateral Ofensivo,2,81,29,85.68,31
L. Goretzka,Germany,FC Bayern München,MID,Mediocampista Élite,1,87,26,85.67,32
Adama Traoré,Spain,Wolverhampton Wanderers,FWD,Extremo / Delantero Dinámico,3,78,25,85.6,33
Marcos Llorente,Spain,Atlético de Madrid,MID,Mediocampista Élite,1,86,26,85.56,34
İ. Gündoğan,Germany,Manchester City,MID,Mediocampista Élite,1,85,30,85.27,35
A. Davies,Canada,FC Bayern München,DEF,Lateral Ofensivo,2,82,20,85.26,36
A. Laporte,Spain,Manchester City,DEF,Defensa Élite,1,86,27,85.25,37
D. Mertens,Belgium,Napoli,FWD,Delantero Estrella,1,84,34,85.24,38
Sergio Busquets,Spain,FC Barcelona,MID,Mediocampista Élite,1,86,32,85.23,39
S. Milinković-Savić,Serbia,Lazio,MID,Mediocampista Élite,1,85,26,85.17,40
Gerard Moreno,Spain,Villarreal CF,FWD,Delantero Estrella,1,86,29,85.13,41
M. Diaby,France,Bayer 04 Leverkusen,FWD,Extremo / Delantero Dinámico,3,81,21,85.12,42
G. Wijnaldum,Netherlands,Paris Saint-Germain,MID,Mediocampista Élite,1,84,30,85.07,43
W. Szczęsny,Poland,Juventus,GK,Portero Titular,1,87,31,84.92,44
E. Hazard,Belgium,Real Madrid CF,FWD,Delantero Estrella,1,85,30,84.84,45
R. Varane,France,Manchester United,DEF,Defensa Élite,1,86,28,84.75,46
L. Martínez,Argentina,Inter,FWD,Delantero Estrella,1,85,23,84.71,47
N. Kanté,France,Chelsea,MID,Mediocampista Élite,1,90,30,84.68,48
S. de Vrij,Netherlands,Inter,DEF,Defensa Élite,1,85,29,84.66,49
J. Sancho,England,Manchester United,MID,Mediocampista Élite,1,87,21,84.56,50
Á. Di María,Argentina,Paris Saint-Germain,FWD,Delantero Estrella,1,87,33,84.55,51
T. Partey,Ghana,Arsenal,MID,Mediocampista Élite,1,83,28,84.52,52
Á. Correa,Argentina,Atlético de Madrid,FWD,Delantero Estrella,1,83,26,84.51,53
Diogo Jota,Portugal,Liverpool,FWD,Delantero Estrella,1,82,24,84.51,54
H. Lloris,France,Tottenham Hotspur,GK,Portero Titular,1,87,34,84.47,55
A. Kramarić,Croatia,TSG Hoffenheim,FWD,Delantero Estrella,1,83,30,84.43,56
M. Kovačić,Croatia,Chelsea,MID,Mediocampista Élite,1,83,27,84.43,57
M. Brozović,Croatia,Inter,MID,Mediocampista Élite,1,84,28,84.38,58
Oyarzabal,Spain,Real Sociedad,FWD,Delantero Estrella,1,85,24,84.36,59
J. Koundé,France,Sevilla FC,DEF,Defensa Élite,1,83,22,84.35,60
Palhinha,Portugal,Sporting CP,MID,Mediocampista Defensivo,3,82,25,84.32,61
André Silva,Portugal,RB Leipzig,FWD,Delantero Estrella,1,84,25,84.31,62
P. Højbjerg,Denmark,Tottenham Hotspur,MID,Mediocampista Defensivo,3,83,25,84.23,63
T. Werner,Germany,Chelsea,FWD,Delantero Estrella,1,84,25,84.22,64
I. Gueye,Senegal,Paris Saint-Germain,MID,Mediocampista Defensivo,3,82,31,84.22,65
M. de Roon,Netherlands,Atalanta,MID,Mediocampista Defensivo,3,82,30,84.19,66
M. Mount,England,Chelsea,MID,Mediocampista Élite,1,83,22,84.18,67
H. Maguire,England,Manchester United,DEF,Defensa Élite,1,84,28,84.1,68
Rodri,Spain,Manchester City,MID,Mediocampista Élite,1,86,25,84.09,69
K. Schmeichel,Denmark,Leicester City,GK,Portero Titular,1,85,34,84.08,70
J. Giménez,Uruguay,Atlético de Madrid,DEF,Defensa Élite,1,84,26,84.06,71
M. Maignan,France,AC Milan,GK,Portero Titular,1,84,25,83.97,72
Rúben Neves,Portugal,Wolverhampton Wanderers,MID,Mediocampista Élite,1,82,24,83.88,73
E. Martínez,Argentina,Aston Villa,GK,Portero Titular,1,84,28,83.86,74
K. Koulibaly,Senegal,Napoli,DEF,Defensa Élite,1,86,30,83.85,75
C. Eriksen,Denmark,Inter,MID,Mediocampista Élite,1,82,29,83.82,76
M. Depay,Netherlands,FC Barcelona,FWD,Delantero Estrella,1,85,27,83.8,77
M. de Ligt,Netherlands,Juventus,DEF,Defensa Élite,1,85,21,83.8,78
A. Gómez,Argentina,Sevilla FC,MID,Mediocampista Élite,1,85,33,83.77,79
J. Henderson,England,Liverpool,MID,Mediocampista Élite,1,84,31,83.76,80
Y. Sommer,Switzerland,Borussia Mönchengladbach,GK,Portero Titular,1,85,32,83.69,81
J. Stones,England,Manchester City,DEF,Defensa Élite,1,83,27,83.56,82
J. Grealish,England,Manchester City,FWD,Delantero Estrella,1,84,25,83.49,83
Azpilicueta,Spain,Chelsea,DEF,Defensa Élite,1,83,31,83.43,84
A. Witsel,Belgium,Borussia Dortmund,MID,Mediocampista Élite,1,83,32,83.42,85
S. Kjær,Denmark,AC Milan,DEF,Defensa Élite,1,83,32,83.42,86
Pedri,Spain,FC Barcelona,MID,Mediocampista Élite,1,81,18,83.41,87
M. Benatia,Morocco,Fatih Karagümrük S.K.,DEF,Defensa Central Físico,3,80,34,83.26,88
Ronaldo Cabrais,Brazil,Grêmio,MID,Mediocampista Élite,1,83,29,83.2,89
P. Foden,England,Manchester City,MID,Mediocampista Élite,1,84,21,83.18,90
F. Neuhaus,Germany,Borussia Mönchengladbach,MID,Mediocampista Élite,1,82,24,83.18,91
João Félix,Portugal,Atlético de Madrid,FWD,Delantero Estrella,1,83,21,83.15,92
F. Valverde,Uruguay,Real Madrid CF,MID,Mediocampista Élite,1,83,22,83.09,93
J. Matip,Cameroon,Liverpool,DEF,Defensa Élite,1,83,29,83.07,94
L. Hernández,France,FC Bayern München,DEF,Defensa Élite,1,83,25,82.98,95
Ferran Torres,Spain,Manchester City,FWD,Delantero Estrella,1,82,21,82.96,96
L. Digne,France,Everton,DEF,Defensa Élite,1,84,27,82.96,97
D. Blind,Netherlands,Ajax,DEF,Defensa Élite,1,82,31,82.95,98
Morata,Spain,Juventus,FWD,Delantero Estrella,1,83,28,82.92,99
A. Rüdiger,Germany,Chelsea,DEF,Defensa Élite,1,83,28,82.9,100
João Moutinho,Portugal,Wolverhampton Wanderers,MID,Mediocampista Élite,1,80,34,82.83,101
F. Acheampong,Ghana,Shenzhen FC,FWD,Extremo / Delantero Dinámico,3,77,27,82.75,102
J. Pickford,England,Everton,GK,Portero Titular,1,83,27,82.74,103
Rosberto Dourado,Brazil,Sport Club Corinthians Paulista,MID,Mediocampista Defensivo,3,81,21,82.72,104
L. Sané,Germany,FC Bayern München,MID,Mediocampista Ofensivo,2,84,25,82.71,105
B. Leno,Germany,Arsenal,GK,Portero Titular,1,83,29,82.71,106
R. De Paul,Argentina,Atlético de Madrid,MID,Mediocampista Élite,1,82,27,82.7,107
A. Martial,France,Manchester United,FWD,Delantero Estrella,1,81,25,82.68,108
D. Rice,England,West Ham United,MID,Mediocampista Defensivo,3,82,22,82.68,109
N. Lodeiro,Uruguay,Seattle Sounders FC,MID,Mediocampista Élite,1,80,32,82.66,110
D. Tadić,Serbia,Ajax,FWD,Delantero Estrella,1,84,32,82.59,111
C. Lenglet,France,FC Barcelona,DEF,Defensa Élite,1,82,26,82.57,112
T. Delaney,Denmark,Sevilla FC,MID,Mediocampista Defensivo,3,81,29,82.54,113
L. Shaw,England,Manchester United,DEF,Defensa Élite,1,84,25,82.53,114
P. Kimpembe,France,Paris Saint-Germain,DEF,Defensa Élite,1,83,25,82.53,115
Dani Olmo,Spain,RB Leipzig,MID,Mediocampista Élite,1,82,23,82.49,116
L. Paredes,Argentina,Paris Saint-Germain,MID,Mediocampista Élite,1,81,27,82.49,117
Fabián,Spain,Napoli,MID,Mediocampista Élite,1,82,25,82.46,118
De Gea,Spain,Manchester United,GK,Portero Titular,1,84,30,82.46,119
J. Corona,Mexico,FC Porto,MID,Mediocampista Élite,1,82,28,82.39,120
K. Mbabu,Switzerland,VfL Wolfsburg,DEF,Lateral Ofensivo,2,79,26,82.38,121
K. Havertz,Germany,Chelsea,MID,Mediocampista Élite,1,84,22,82.37,122
L. Torreira,Uruguay,Fiorentina,MID,Mediocampista Defensivo,3,80,25,82.28,123
I. Rakitić,Croatia,Sevilla FC,MID,Mediocampista Élite,1,82,33,82.24,124
K. Baldé,Senegal,Cagliari,FWD,Extremo / Delantero Dinámico,3,76,26,82.17,125
É. Mendy,Senegal,Chelsea,GK,Portero Titular,1,83,29,82.16,126
N. Otamendi,Argentina,SL Benfica,DEF,Defensa Élite,1,81,33,82.15,127
Pau Torres,Spain,Villarreal CF,DEF,Defensa Élite,1,82,24,82.12,128
E. Cavani,Uruguay,Manchester United,FWD,Delantero Estrella,1,85,34,82.1,129
D. Malen,Netherlands,Borussia Dortmund,FWD,Delantero Estrella,1,80,22,82.04,130
J. Vertonghen,Belgium,SL Benfica,DEF,Defensa Élite,1,81,34,82.04,131
S. Gnabry,Germany,FC Bayern München,MID,Mediocampista Élite,1,85,25,82.02,132
C. Pulisic,United States,Chelsea,FWD,Delantero Estrella,1,82,22,82.01,133
Josué Chiamulera,Brazil,Grêmio,DEF,Defensa Élite,1,82,29,81.94,134
G. Lo Celso,Argentina,Tottenham Hotspur,MID,Mediocampista Élite,1,81,25,81.92,135
T. Alexander-Arnold,England,Liverpool,DEF,Defensa Élite,1,87,22,81.91,136
Pepe,Portugal,FC Porto,DEF,Defensa Élite,1,82,38,81.82,137
Unai Simón,Spain,Athletic Club de Bilbao,GK,Portero Titular,1,82,24,81.81,138
João Mário,Portugal,SL Benfica,MID,Mediocampista Élite,1,80,28,81.72,139
N. Nández,Uruguay,Cagliari,MID,Mediocampista Defensivo,3,77,25,81.72,140
P. Cissé,Senegal,Olympiacos CFP,DEF,Defensa Central Físico,3,76,25,81.67,141
J. Rodríguez,Uruguay,Cruz Azul,FWD,Delantero Estrella,1,80,27,81.63,142
K. Trapp,Germany,Eintracht Frankfurt,GK,Portero Titular,1,82,30,81.6,143
Rafa,Portugal,SL Benfica,MID,Mediocampista Ofensivo,2,82,28,81.56,144
K. Walker,England,Manchester City,DEF,Defensa Élite,1,85,31,81.55,145
C. Stuani,Uruguay,Girona FC,FWD,Pivote / Referencia,2,76,34,81.53,146
K. Phillips,England,Leeds United,MID,Mediocampista Defensivo,3,81,25,81.49,147
João Cancelo,Portugal,Manchester City,DEF,Defensa Élite,1,86,27,81.46,148
J. Veretout,France,Roma,MID,Mediocampista Élite,1,82,28,81.44,149
J. Sánchez,Mexico,Club América,DEF,Lateral Ofensivo,2,76,23,81.4,150
J. Musso,Argentina,Atalanta,GK,Portero Titular,1,81,27,81.4,151
N. Tagliafico,Argentina,Ajax,DEF,Defensa Élite,1,82,28,81.34,152
H. Lozano,Mexico,Napoli,FWD,Delantero Estrella,1,81,25,81.33,153
A. Rabiot,France,Juventus,MID,Mediocampista Élite,1,81,26,81.3,154
P. Zieliński,Poland,Napoli,MID,Mediocampista Élite,1,81,27,81.27,155
Y. Bounou,Morocco,Sevilla FC,GK,Portero Titular,1,82,30,81.23,156
D. Zakaria,Switzerland,Borussia Mönchengladbach,MID,Mediocampista Defensivo,3,80,24,81.18,157
Danilo Pereira,Portugal,Paris Saint-Germain,MID,Mediocampista Defensivo,3,81,29,81.15,158
R. Freuler,Switzerland,Atalanta,MID,Mediocampista Élite,1,80,29,81.15,159
J. Mæhle,Denmark,Atalanta,DEF,Lateral Ofensivo,2,77,24,81.15,160
A. Lopes,Portugal,Olympique Lyonnais,GK,Portero Titular,1,82,30,81.12,161
C. Romero,Argentina,Tottenham Hotspur,DEF,Defensa Élite,1,82,23,81.1,162
Arturo Inálcio,Brazil,Flamengo,MID,Mediocampista Ofensivo,2,78,21,81.09,163
M. Akanji,Switzerland,Borussia Dortmund,DEF,Defensa Élite,1,80,25,81.09,164
J. Ito,Japan,KRC Genk,FWD,Extremo / Delantero Dinámico,3,77,28,81.02,165
Rui Silva,Portugal,Real Betis Balompié,GK,Portero Titular,1,81,27,81.02,166
Rui Patrício,Portugal,Roma,GK,Portero Titular,1,82,33,81.01,167
A. Christensen,Denmark,Chelsea,DEF,Defensa Élite,1,80,25,81,168
G. Montiel,Argentina,Sevilla FC,DEF,Lateral Ofensivo,2,78,24,81,169
K. Zouma,France,West Ham United,DEF,Defensa Élite,1,81,26,80.95,170
Everton Andrão,Brazil,Fluminense,MID,Mediocampista Defensivo,3,79,25,80.9,171
K. Trippier,England,Atlético de Madrid,DEF,Defensa Élite,1,84,30,80.9,172
L. Cabrera,Uruguay,RCD Espanyol de Barcelona,DEF,Defensa Central Físico,3,77,30,80.87,173
J. Correa,Argentina,Inter,FWD,Delantero Estrella,1,81,26,80.86,174
Y. Abdelhamid,Morocco,Stade de Reims,DEF,Defensa Central Físico,3,77,33,80.86,175
R. Jiménez,Mexico,Wolverhampton Wanderers,FWD,Delantero Estrella,1,83,30,80.83,176
Welington Dano,Brazil,Clube Atlético Mineiro,DEF,Lateral Ofensivo,2,81,21,80.83,177
H. Herrera,Mexico,Atlético de Madrid,MID,Mediocampista Élite,1,81,31,80.79,178
J. Hofmann,Germany,Borussia Mönchengladbach,MID,Mediocampista Élite,1,79,28,80.76,179
D. Livaković,Croatia,Dinamo Zagreb,GK,Portero Titular,1,82,26,80.73,180
M. Taremi,Iran,FC Porto,FWD,Delantero Estrella,1,79,28,80.72,181
J. Aidoo,Ghana,RC Celta de Vigo,DEF,Defensa Central Físico,3,74,25,80.71,182
Jordi Alba,Spain,FC Barcelona,DEF,Defensa Élite,1,86,32,80.69,183
C. Benteke,Belgium,Crystal Palace,FWD,Pivote / Referencia,2,75,30,80.68,184
S. Berghuis,Netherlands,Ajax,FWD,Delantero Estrella,1,81,29,80.64,185
L. Klostermann,Germany,RB Leipzig,DEF,Defensa Élite,1,80,25,80.61,186
D. Godín,Uruguay,Cagliari,DEF,Defensa Élite,1,80,35,80.57,187
Laure Santeiro,Brazil,Fluminense,MID,Mediocampista Ofensivo,2,80,21,80.55,188
Raphaelinho Anjos,Brazil,RB Bragantino,GK,Portero Titular,1,82,33,80.48,189
L. Martínez,Argentina,Ajax,DEF,Defensa Élite,1,79,23,80.42,190
Juiano Mestres,Brazil,Clube Atlético Mineiro,DEF,Defensa Élite,1,81,25,80.39,191
S. Mandanda,France,Olympique de Marseille,GK,Portero Titular,1,81,36,80.37,192
H. Ziyech,Morocco,Chelsea,FWD,Delantero Estrella,1,84,28,80.32,193
J. Vestergaard,Denmark,Leicester City,DEF,Defensa Central Físico,3,78,28,80.31,194
J. Denayer,Belgium,Olympique Lyonnais,DEF,Defensa Élite,1,80,26,80.3,195
A. Ramsey,Wales,Juventus,MID,Mediocampista Élite,1,80,30,80.28,196
Munir,Morocco,Sevilla FC,FWD,Delantero Estrella,1,79,25,80.25,197
Y. Al Shahrani,Saudi Arabia,Al Hilal,DEF,Lateral Ofensivo,2,75,29,80.23,198
S. Mignolet,Belgium,Club Brugge KV,GK,Portero Titular,1,80,33,80.23,199
Adnan Vidual,Brazil,Internacional,DEF,Lateral Ofensivo,2,79,29,80.21,200
M. Dahoud,Germany,Borussia Dortmund,MID,Mediocampista Élite,1,79,25,80.2,201
Z. Feddal,Morocco,Sporting CP,DEF,Defensa Élite,1,80,31,80.2,202
K. Toko Ekambi,Cameroon,Olympique Lyonnais,FWD,Extremo / Delantero Dinámico,3,78,28,80.18,203
D. Klaassen,Netherlands,Ajax,MID,Mediocampista Élite,1,79,28,80.17,204
E. Boateng,Ghana,Dalian Professional Football Club,FWD,Extremo / Delantero Dinámico,3,76,25,80.13,205
M. Acuña,Argentina,Sevilla FC,DEF,Defensa Élite,1,84,29,80.11,206
S. Coates,Uruguay,Sporting CP,DEF,Defensa Élite,1,83,30,80.11,207
J. David,Canada,LOSC Lille,FWD,Extremo / Delantero Dinámico,3,78,21,80.07,208
N. Maksimović,Serbia,Getafe CF,MID,Mediocampista Defensivo,3,79,26,80.04,209
Nuno Mendes,Portugal,Paris Saint-Germain,DEF,Lateral Ofensivo,2,78,19,80.04,210
R. Guerreiro,Portugal,Borussia Dortmund,DEF,Lateral Ofensivo,2,84,27,80,211
N. Gudelj,Serbia,Sevilla FC,MID,Mediocampista Defensivo,3,79,29,79.93,212
N. Vlašić,Croatia,West Ham United,MID,Mediocampista Élite,1,80,23,79.88,213
Nuno Padrenda,Brazil,Clube Atlético Mineiro,FWD,Delantero Estrella,1,77,25,79.87,214
J. Bellingham,England,Borussia Dortmund,MID,Mediocampista Defensivo,3,79,18,79.85,215
G. Rodríguez,Argentina,Real Betis Balompié,MID,Mediocampista Defensivo,3,78,26,79.8,216
N. De la Cruz,Uruguay,River Plate,MID,Mediocampista Élite,1,78,24,79.78,217
A. Guardado,Mexico,Real Betis Balompié,MID,Mediocampista Élite,1,78,34,79.76,218
N. Mazraoui,Morocco,Ajax,DEF,Lateral Ofensivo,2,80,23,79.76,219
P. Estupiñán,Ecuador,Villarreal CF,DEF,Lateral Ofensivo,2,79,23,79.76,220
R. Gosens,Germany,Atalanta,DEF,Defensa Élite,1,83,26,79.74,221
A. Hakimi,Morocco,Paris Saint-Germain,DEF,Defensa Élite,1,85,22,79.71,222
H. Diallo,Senegal,RC Strasbourg Alsace,FWD,Pivote / Referencia,2,75,26,79.68,223
Tony Abranjes,Brazil,Internacional,DEF,Defensa Élite,1,80,33,79.65,224
T. Koopmeiners,Netherlands,Atalanta,MID,Mediocampista Élite,1,79,23,79.63,225
F. Wirtz,Germany,Bayer 04 Leverkusen,MID,Mediocampista Ofensivo,2,78,18,79.61,226
R. Gravenberch,Netherlands,Ajax,MID,Mediocampista Élite,1,78,19,79.6,227
D. Kamada,Japan,Eintracht Frankfurt,MID,Mediocampista Ofensivo,2,79,24,79.57,228
A. Tchouaméni,France,AS Monaco,MID,Mediocampista Élite,1,79,21,79.53,229
E. Álvarez,Mexico,Ajax,MID,Mediocampista Defensivo,3,77,23,79.52,230
D. Henderson,England,Manchester United,GK,Portero Titular,1,80,24,79.52,231
Albertinho Dutra,Brazil,São Paulo,FWD,Extremo / Delantero Dinámico,3,78,29,79.51,232
N. Elvedi,Switzerland,Borussia Mönchengladbach,DEF,Defensa Élite,1,79,24,79.45,233
S. Dest,United States,FC Barcelona,DEF,Lateral Ofensivo,2,76,20,79.43,234
D. Calvert-Lewin,England,Everton,FWD,Extremo / Delantero Dinámico,3,81,24,79.4,235
I. Sarr,Senegal,Watford,FWD,Delantero Estrella,1,78,23,79.39,236
K. Adeyemi,Germany,FC Red Bull Salzburg,FWD,Extremo / Delantero Dinámico,3,71,19,79.39,237
Š. Vrsaljko,Croatia,Atlético de Madrid,DEF,Defensa Élite,1,80,29,79.37,238
D. Sow,Switzerland,Eintracht Frankfurt,MID,Mediocampista Defensivo,3,77,24,79.36,239
M. Dmitrović,Serbia,Sevilla FC,GK,Portero Titular,1,80,29,79.36,240
D. Dumfries,Netherlands,Inter,DEF,Defensa Élite,1,82,25,79.35,241
R. Bentancur,Uruguay,Juventus,MID,Mediocampista Defensivo,3,78,24,79.34,242
F. Martínez,Ecuador,Club Tijuana,FWD,Extremo / Delantero Dinámico,3,75,31,79.27,243
Hwang Hee Chan,Korea Republic,Wolverhampton Wanderers,FWD,Extremo / Delantero Dinámico,3,75,25,79.21,244
G. Bale,Wales,Real Madrid CF,MID,Mediocampista Élite,1,82,31,79.21,245
P. Diop,Senegal,UD Ibiza,MID,Mediocampista Defensivo,3,78,35,79.21,246
Héniton Pires,Brazil,Flamengo,GK,Portero Titular,1,80,25,79.2,247
A. Mitrović,Serbia,Fulham,FWD,Pivote / Referencia,2,75,26,79.19,248
J. Brooks,United States,VfL Wolfsburg,DEF,Defensa Central Físico,3,78,28,79.14,249
M. Vecino,Uruguay,Inter,MID,Mediocampista Élite,1,78,29,79.12,250
R. Saïss,Morocco,Wolverhampton Wanderers,DEF,Defensa Élite,1,78,31,79.08,251
D. Ćaleta-Car,Croatia,Olympique de Marseille,DEF,Defensa Élite,1,78,24,79.05,252
R. Alvarado,Mexico,Cruz Azul,MID,Mediocampista Ofensivo,2,76,22,79.03,253
F. Muslera,Uruguay,Galatasaray SK,GK,Portero Titular,1,80,35,79.03,254
G. Ochoa,Mexico,Club América,GK,Portero Titular,1,80,35,79.02,255
R. Cannon,United States,Boavista FC,DEF,Lateral Ofensivo,2,73,23,78.99,256
Maikel Catarino,Brazil,Sport Club Corinthians Paulista,DEF,Lateral Ofensivo,2,80,25,78.95,257
A. Mooy,Australia,Shanghai Port FC,MID,Mediocampista Élite,1,77,30,78.94,258
G. Reyna,United States,Borussia Dortmund,MID,Mediocampista Ofensivo,2,77,18,78.88,259
N. Süle,Germany,FC Bayern München,DEF,Defensa Central Físico,3,82,25,78.87,260
R. Araujo,Uruguay,FC Barcelona,DEF,Defensa Central Físico,3,77,22,78.87,261
R. Bürki,Switzerland,Borussia Dortmund,GK,Portero Titular,1,80,30,78.87,262
A. Taarabt,Morocco,SL Benfica,MID,Mediocampista Élite,1,77,32,78.84,263
T. Castagne,Belgium,Leicester City,DEF,Lateral Ofensivo,2,79,25,78.84,264
A. Zambo Anguissa,Cameroon,Napoli,MID,Mediocampista Defensivo,3,76,25,78.83,265
D. Raum,Germany,TSG Hoffenheim,DEF,Lateral Ofensivo,2,73,23,78.83,266
E. Valencia,Ecuador,Fenerbahçe SK,FWD,Extremo / Delantero Dinámico,3,75,31,78.81,267
D. Praet,Belgium,Torino F.C.,MID,Mediocampista Élite,1,78,27,78.81,268
M. Arambarri,Uruguay,Getafe CF,MID,Mediocampista Defensivo,3,79,25,78.8,269
F. Armani,Argentina,River Plate,GK,Portero Titular,1,80,34,78.77,270
K. Piątek,Poland,Hertha BSC,FWD,Pivote / Referencia,2,76,26,78.74,271
G. Kobel,Switzerland,Borussia Dortmund,GK,Portero Titular,1,79,23,78.73,272
M. Salisu,Ghana,Southampton,DEF,Defensa Central Físico,3,76,22,78.72,273
J. Gallardo,Mexico,CF Monterrey,DEF,Lateral Ofensivo,2,75,26,78.68,274
B. Davies,Wales,Tottenham Hotspur,DEF,Defensa Élite,1,79,28,78.66,275
M. Pongračić,Croatia,Borussia Dortmund,DEF,Defensa Central Físico,3,75,23,78.66,276
L. Majer,Croatia,Stade Rennais FC,MID,Mediocampista Ofensivo,2,76,23,78.64,277
W. McKennie,United States,Juventus,MID,Mediocampista Defensivo,3,77,22,78.62,278
B. Sosa,Croatia,VfB Stuttgart,DEF,Lateral Ofensivo,2,77,23,78.61,279
N. Milenković,Serbia,Fiorentina,DEF,Defensa Central Físico,3,76,23,78.55,280
K. Sulemana,Ghana,Stade Rennais FC,FWD,Extremo / Delantero Dinámico,3,72,19,78.51,281
Á. Mena,Ecuador,Club León,MID,Mediocampista Ofensivo,2,78,33,78.51,282
A. Kolarov,Serbia,Inter,DEF,Defensa Élite,1,78,35,78.51,283
O. Idrissi,Morocco,Sevilla FC,FWD,Extremo / Delantero Dinámico,3,76,25,78.49,284
E. Skhiri,Tunisia,1. FC Köln,MID,Mediocampista Defensivo,3,77,26,78.46,285
Prazeracinho,Brazil,Flamengo,FWD,Extremo / Delantero Dinámico,3,78,21,78.42,286
W. Zimmerman,United States,Nashville SC,DEF,Defensa Central Físico,3,74,28,78.42,287
J. Andersen,Denmark,Crystal Palace,DEF,Defensa Central Físico,3,77,25,78.41,288
M. Cáceres,Uruguay,Cagliari,DEF,Defensa Central Físico,3,76,34,78.41,289
A. Diallo,Senegal,Paris Saint-Germain,DEF,Defensa Élite,1,78,25,78.4,290
Kim Tae Hwan,Korea Republic,Ulsan Hyundai FC,DEF,Lateral Ofensivo,2,72,31,78.39,291
W. Endo,Japan,VfB Stuttgart,MID,Mediocampista Defensivo,3,78,28,78.36,292
Y. En-Nesyri,Morocco,Sevilla FC,FWD,Extremo / Delantero Dinámico,3,82,24,78.35,293
Gayà,Spain,Valencia CF,DEF,Defensa Élite,1,83,26,78.33,294
Gabri Prestão,Brazil,Internacional,GK,Portero de Reserva,2,79,29,78.27,295
T. Kehrer,Germany,Paris Saint-Germain,DEF,Defensa Central Físico,3,76,24,78.26,296
Antônio Chiamuloira,Brazil,Internacional,DEF,Defensa Élite,1,78,21,78.25,297
J. Bednarek,Poland,Southampton,DEF,Defensa Central Físico,3,76,25,78.23,298
M. Pašalić,Croatia,Atalanta,MID,Mediocampista Élite,1,78,26,78.17,299
D. Boyata,Belgium,Hertha BSC,DEF,Defensa Élite,1,78,30,78.17,300
P. Rajković,Serbia,Stade de Reims,GK,Portero de Reserva,2,78,25,78.09,301
L. Dendoncker,Belgium,Wolverhampton Wanderers,MID,Mediocampista Defensivo,3,77,26,78.08,302
D. Yedlin,United States,Galatasaray SK,DEF,Lateral Ofensivo,2,73,27,78.08,303
Oswaldinato,Brazil,Flamengo,FWD,Extremo / Delantero Dinámico,3,81,29,78.07,304
M. Hitz,Switzerland,Borussia Dortmund,GK,Portero de Reserva,2,78,33,78.07,305
O. Pineda,Mexico,Cruz Azul,MID,Mediocampista Ofensivo,2,77,25,78.04,306
G. Xhaka,Switzerland,Arsenal,MID,Mediocampista Defensivo,3,79,28,77.99,307
T. Adams,United States,RB Leipzig,MID,Mediocampista Defensivo,3,77,22,77.96,308
T. Malacia,Netherlands,Feyenoord,DEF,Lateral Ofensivo,2,77,21,77.96,309
D. Henry,Canada,Suwon Samsung Bluewings,DEF,Defensa Central Físico,3,70,28,77.96,310
D. Vida,Croatia,Beşiktaş JK,DEF,Defensa Élite,1,78,32,77.95,311
J. Campbell,Costa Rica,CF Monterrey,FWD,Extremo / Delantero Dinámico,3,75,29,77.94,312
R. Doan,Japan,PSV,MID,Mediocampista Ofensivo,2,76,23,77.9,313
A. Budimir,Croatia,CA Osasuna,FWD,Pivote / Referencia,2,78,29,77.86,314
M. Diouf,Senegal,Atakaş Hatayspor,FWD,Pivote / Referencia,2,73,33,77.86,315
A. Oyongo,Cameroon,Montpellier Hérault SC,DEF,Lateral Ofensivo,2,74,30,77.85,316
Hong Chul,Korea Republic,Ulsan Hyundai FC,DEF,Lateral Ofensivo,2,71,30,77.83,317
T. Weah,United States,LOSC Lille,FWD,Extremo / Delantero Dinámico,3,74,21,77.78,318
Nélson Semedo,Portugal,Wolverhampton Wanderers,DEF,Defensa Élite,1,80,27,77.72,319
A. Ljajić,Serbia,Beşiktaş JK,MID,Mediocampista Ofensivo,2,75,29,77.66,320
A. Živković,Serbia,PAOK,FWD,Extremo / Delantero Dinámico,3,76,24,77.62,321
Luimo Boas Santos,Brazil,Santos,FWD,Extremo / Delantero Dinámico,3,79,21,77.57,322
L. Fejsa,Serbia,Al Ahli,MID,Mediocampista Defensivo,3,75,32,77.53,323
A. Duncan,Ghana,Fiorentina,MID,Mediocampista Defensivo,3,74,28,77.52,324
M. Ryan,Australia,Real Sociedad,GK,Portero Titular,1,77,29,77.48,325
N. Aguerd,Morocco,Stade Rennais FC,DEF,Defensa Central Físico,3,76,25,77.46,326
D. Amartey,Ghana,Leicester City,DEF,Defensa Central Físico,3,76,26,77.43,327
M. Braithwaite,Denmark,FC Barcelona,FWD,Extremo / Delantero Dinámico,3,77,30,77.38,328
C. Roberts,Wales,Burnley,DEF,Lateral Ofensivo,2,75,25,77.38,329
A. Al Amri,Saudi Arabia,Al Nassr,DEF,Defensa Central Físico,3,72,24,77.38,330
A. Robinson,United States,Fulham,DEF,Lateral Ofensivo,2,73,23,77.35,331
L. Romo,Mexico,Cruz Azul,MID,Mediocampista Defensivo,3,77,26,77.32,332
L. Olaza,Uruguay,Real Valladolid CF,DEF,Lateral Ofensivo,2,78,26,77.3,333
B. Embolo,Switzerland,Borussia Mönchengladbach,FWD,Extremo / Delantero Dinámico,3,77,24,77.28,334
J. Boye,Ghana,Al Fayha,DEF,Defensa Central Físico,3,73,34,77.28,335
G. Plata,Ecuador,Real Valladolid CF,FWD,Extremo / Delantero Dinámico,3,74,20,77.26,336
Y. Poulsen,Denmark,RB Leipzig,FWD,Extremo / Delantero Dinámico,3,77,27,77.25,337
A. Seck,Senegal,Royal Antwerp FC,DEF,Defensa Central Físico,3,73,29,77.24,338
B. Barišić,Croatia,Rangers FC,DEF,Lateral Ofensivo,2,75,28,77.19,339
Z. Labyad,Morocco,Ajax,MID,Mediocampista Ofensivo,2,75,28,77.17,340
Lee Dong Jun,Korea Republic,Ulsan Hyundai FC,FWD,Extremo / Delantero Dinámico,3,71,24,77.16,341
D. Wass,Denmark,Valencia CF,DEF,Defensa Élite,1,80,32,77.13,342
L. Dubois,France,Olympique Lyonnais,DEF,Defensa Élite,1,78,26,77.1,343
S. Sosa,Uruguay,Club Atlético Independiente,GK,Portero de Reserva,2,78,34,77.08,344
J. Mensah,Ghana,Columbus Crew,DEF,Defensa Central Físico,3,72,30,77.06,345
Kang Sang Woo,Korea Republic,Pohang Steelers,DEF,Lateral Ofensivo,2,72,27,77.06,346
J. Musiala,Germany,FC Bayern München,MID,Mediocampista Ofensivo,2,75,18,77.04,347
Louri Beretta,Brazil,RB Bragantino,FWD,Extremo / Delantero Dinámico,3,81,29,77.02,348
D. Suárez,Uruguay,Getafe CF,DEF,Defensa Élite,1,78,33,77.01,349
U. Račić,Serbia,Valencia CF,MID,Mediocampista Defensivo,3,78,23,76.99,350
Domingos Duarte,Portugal,Granada CF,DEF,Defensa Central Físico,3,78,26,76.98,351
L. Milivojević,Serbia,Crystal Palace,MID,Mediocampista Defensivo,3,76,30,76.94,352
E. Palacios,Argentina,Bayer 04 Leverkusen,MID,Mediocampista Defensivo,3,77,22,76.93,353
A. Nyom,Cameroon,Getafe CF,MID,Mediocampista Defensivo,3,75,33,76.93,354
I. Baba,Ghana,RCD Mallorca,MID,Mediocampista Defensivo,3,73,25,76.93,355
T. Mings,England,Aston Villa,DEF,Defensa Élite,1,78,28,76.9,356
B. Dia,Senegal,Villarreal CF,FWD,Pivote / Referencia,2,77,24,76.88,357
K. Glik,Poland,Benevento,DEF,Defensa Central Físico,3,73,33,76.88,358
B. Castillo,Ecuador,Barcelona Sporting Club,DEF,Lateral Ofensivo,2,73,22,76.85,359
O. Nguette,Senegal,FC Metz,FWD,Extremo / Delantero Dinámico,3,74,26,76.83,360
J. Tagueu,Cameroon,Clube Sport Marítimo,FWD,Pivote / Referencia,2,72,27,76.82,361
B. Drągowski,Poland,Fiorentina,GK,Portero de Reserva,2,77,23,76.81,362
F. Gorriarán,Uruguay,Santos Laguna,MID,Mediocampista Defensivo,3,77,26,76.79,363
M. Helik,Poland,Barnsley,DEF,Defensa Central Físico,3,73,25,76.78,364
F. Lustenberger,Switzerland,BSC Young Boys,DEF,Defensa Central Físico,3,75,33,76.73,365
J. Domínguez,Mexico,Cruz Azul,DEF,Defensa Central Físico,3,73,33,76.73,366
N. Araújo,Mexico,RC Celta de Vigo,DEF,Defensa Central Físico,3,76,29,76.72,367
K. Boateng,Ghana,Hertha BSC,MID,Mediocampista Élite,1,78,34,76.68,368
B. Bereszyński,Poland,U.C. Sampdoria,DEF,Lateral Ofensivo,2,73,28,76.68,369
Z. Steffen,United States,Manchester City,GK,Portero Titular,1,77,26,76.68,370
Ó. Duarte,Costa Rica,Levante Unión Deportiva,DEF,Defensa Central Físico,3,73,32,76.67,371
C. Kouyaté,Senegal,Crystal Palace,DEF,Defensa Élite,1,78,31,76.65,372
M. Al Buraik,Saudi Arabia,Al Hilal,DEF,Lateral Ofensivo,2,72,28,76.64,373
G. Haraguchi,Japan,1. FC Union Berlin,MID,Mediocampista Ofensivo,2,74,30,76.62,374
S. Widmer,Switzerland,1. FSV Mainz 05,DEF,Lateral Ofensivo,2,75,28,76.62,375
J. Bijlow,Netherlands,Feyenoord,GK,Portero Titular,1,77,23,76.61,376
M. Pereyra,Uruguay,Orlando City Soccer Club,MID,Mediocampista Élite,1,76,31,76.6,377
T. Krul,Netherlands,Norwich City,GK,Portero de Reserva,2,77,33,76.6,378
L. Jović,Serbia,Real Madrid CF,FWD,Extremo / Delantero Dinámico,3,79,23,76.58,379
T. Minamino,Japan,Liverpool,FWD,Extremo / Delantero Dinámico,3,75,26,76.56,380
P. Djilobodji,Senegal,Gazişehir Gaziantep F.K.,DEF,Defensa Central Físico,3,73,32,76.56,381
F. Đuričić,Serbia,U.S. Sassuolo Calcio,MID,Mediocampista Ofensivo,2,76,29,76.55,382
I. Ganago,Cameroon,Racing Club de Lens,FWD,Extremo / Delantero Dinámico,3,74,22,76.5,383
H. Wilson,Wales,Fulham,MID,Mediocampista Ofensivo,2,75,24,76.49,384
S. Al Ghannam,Saudi Arabia,Al Nassr,DEF,Lateral Ofensivo,2,72,27,76.49,385
A. Buksa,Poland,New England Revolution,FWD,Pivote / Referencia,2,72,24,76.42,386
C. Montes,Mexico,CF Monterrey,DEF,Defensa Central Físico,3,75,24,76.41,387
B. Caicedo,Ecuador,Independiente del Valle,DEF,Lateral Ofensivo,2,70,29,76.38,388
C. Garcés,Ecuador,Barcelona Sporting Club,FWD,Pivote / Referencia,2,72,31,76.36,389
J. Omlin,Switzerland,Montpellier Hérault SC,GK,Portero de Reserva,2,77,27,76.36,390
R. Funes Mori,Mexico,CF Monterrey,FWD,Extremo / Delantero Dinámico,3,77,30,76.35,391
K. Moore,Wales,Cardiff City,FWD,Pivote / Referencia,2,74,28,76.35,392
Anuar,Morocco,Real Valladolid CF,MID,Mediocampista Defensivo,3,75,26,76.35,393
M. Livaja,Croatia,Hajduk Split,FWD,Extremo / Delantero Dinámico,3,75,27,76.32,394
K. Furuhashi,Japan,Celtic,FWD,Extremo / Delantero Dinámico,3,73,26,76.32,395
J. Timber,Netherlands,Ajax,DEF,Defensa Élite,1,75,20,76.28,396
X. Shaqiri,Switzerland,Olympique Lyonnais,FWD,Extremo / Delantero Dinámico,3,79,29,76.26,397
Y. Sabaly,Senegal,Real Betis Balompié,DEF,Lateral Ofensivo,2,76,28,76.24,398
F. Schär,Switzerland,Newcastle United,DEF,Defensa Central Físico,3,76,29,76.23,399
N. Matić,Serbia,Manchester United,MID,Mediocampista Defensivo,3,79,32,76.22,400
K. Diatta,Senegal,AS Monaco,MID,Mediocampista Ofensivo,2,76,22,76.21,401
Kwon Kyung Won,Korea Republic,Seongnam FC,DEF,Defensa Central Físico,3,72,29,76.21,402
N. Radoja,Serbia,Levante Unión Deportiva,MID,Mediocampista Defensivo,3,75,28,76.12,403
Y. Mvogo,Switzerland,PSV,GK,Portero de Reserva,2,76,27,76.05,404
O. Boumal,Cameroon,Newcastle Jets,FWD,Extremo / Delantero Dinámico,3,72,31,76.02,405
D. Bronn,Tunisia,FC Metz,DEF,Defensa Central Físico,3,75,26,76.02,406
Kim Min Jae,Korea Republic,Fenerbahçe SK,DEF,Defensa Central Físico,3,74,24,76.01,407
M. Badelj,Croatia,Genoa,MID,Mediocampista Defensivo,3,76,32,75.98,408
K. El Ahmadi,Morocco,Al Ittihad,MID,Mediocampista Defensivo,3,74,36,75.97,409
D. James,Wales,Leeds United,MID,Mediocampista Ofensivo,2,77,23,75.96,410
A. Djiku,Ghana,RC Strasbourg Alsace,DEF,Defensa Élite,1,76,26,75.96,411
Kwon Chang Hoon,Korea Republic,Suwon Samsung Bluewings,MID,Mediocampista Ofensivo,2,73,27,75.94,412
Eric García,Spain,FC Barcelona,DEF,Defensa Central Físico,3,77,20,75.94,413
M. Rybus,Poland,FC Lokomotiv Moscow,DEF,Lateral Ofensivo,2,75,31,75.94,414
M. Waris,Ghana,RC Strasbourg Alsace,FWD,Extremo / Delantero Dinámico,3,71,29,75.93,415
A. Vega,Mexico,Club Deportivo Guadalajara,FWD,Extremo / Delantero Dinámico,3,73,23,75.92,416
J. Castelletto,Cameroon,FC Nantes,DEF,Defensa Central Físico,3,73,26,75.91,417
O. Tannane,Morocco,Vitesse,MID,Mediocampista Ofensivo,2,76,27,75.89,418
A. Hutchinson,Canada,Beşiktaş JK,MID,Mediocampista Defensivo,3,76,38,75.88,419
S. M'Bia,Cameroon,CF Fuenlabrada,DEF,Defensa Central Físico,3,73,35,75.88,420
A. Hamdallah,Morocco,Al Nassr,FWD,Extremo / Delantero Dinámico,3,77,30,75.87,421
A. Cornelius,Denmark,Trabzonspor,FWD,Pivote / Referencia,2,73,28,75.86,422
D. von Ballmoos,Switzerland,BSC Young Boys,GK,Portero de Reserva,2,76,26,75.86,423
K. Linetty,Poland,Torino F.C.,MID,Mediocampista Defensivo,3,74,26,75.85,424
M. Sels,Belgium,RC Strasbourg Alsace,GK,Portero de Reserva,2,77,29,75.85,425
T. Kędziora,Poland,Dynamo Kyiv,DEF,Lateral Ofensivo,2,75,27,75.83,426
K. Itakura,Japan,FC Schalke 04,DEF,Defensa Central Físico,3,74,24,75.78,427
M. Ngadeu,Cameroon,KAA Gent,DEF,Defensa Central Físico,3,73,30,75.78,428
C. Gamboa,Costa Rica,VfL Bochum 1848,DEF,Lateral Ofensivo,2,72,31,75.78,429
M. Diagne,Senegal,Galatasaray SK,FWD,Pivote / Referencia,2,74,29,75.77,430
J. Maclaren,Australia,Melbourne City FC,FWD,Extremo / Delantero Dinámico,3,76,27,75.76,431
Hong Jeong Ho,Korea Republic,Jeonbuk Hyundai Motors,DEF,Defensa Central Físico,3,71,31,75.73,432
T. Kubo,Japan,RCD Mallorca,MID,Mediocampista Ofensivo,2,75,20,75.72,433
H. Moukoudi,Cameroon,AS Saint-Étienne,DEF,Defensa Central Físico,3,75,23,75.69,434
Y. El Arabi,Morocco,Olympiacos CFP,FWD,Extremo / Delantero Dinámico,3,79,34,75.65,435
M. Niang,Senegal,Stade Rennais FC,FWD,Extremo / Delantero Dinámico,3,76,26,75.62,436
H. Martín,Mexico,Club América,FWD,Extremo / Delantero Dinámico,3,76,28,75.59,437
Guilson Paiva,Brazil,Flamengo,MID,Mediocampista Ofensivo,2,78,25,75.59,438
S. Abdulhamid,Saudi Arabia,Al Ittihad,DEF,Lateral Ofensivo,2,69,21,75.58,439
N. Maksimović,Serbia,Genoa,DEF,Defensa Central Físico,3,75,29,75.57,440
J. Ayew,Ghana,Crystal Palace,FWD,Extremo / Delantero Dinámico,3,75,29,75.55,441
L. Tawamba,Cameroon,Al Taawoun,FWD,Pivote / Referencia,2,73,31,75.54,442
L. Burián,Uruguay,Club Atlético Colón,GK,Portero de Reserva,2,76,37,75.54,443
R. Rodríguez,Switzerland,Torino F.C.,DEF,Defensa Élite,1,76,28,75.51,444
Hwang Ui Jo,Korea Republic,FC Girondins de Bordeaux,FWD,Extremo / Delantero Dinámico,3,76,28,75.48,445
S. Amrabat,Morocco,Fiorentina,MID,Mediocampista Defensivo,3,76,24,75.47,446
J. Onguéné,Cameroon,FC Red Bull Salzburg,DEF,Defensa Central Físico,3,71,23,75.44,447
S. Sané,Senegal,FC Schalke 04,DEF,Defensa Central Físico,3,76,30,75.43,448
R. Cota,Mexico,Club León,GK,Portero de Reserva,2,76,33,75.43,449
N. Kalinić,Croatia,Hellas Verona,FWD,Pivote / Referencia,2,75,33,75.38,450
Stephen Eustáquio,Canada,FC Paços de Ferreira,MID,Mediocampista Defensivo,3,76,24,75.33,451
M. Pjaca,Croatia,Torino F.C.,FWD,Extremo / Delantero Dinámico,3,75,26,75.29,452
T. Meunier,Belgium,Borussia Dortmund,DEF,Defensa Central Físico,3,77,29,75.29,453
J. Foyth,Argentina,Villarreal CF,DEF,Defensa Central Físico,3,75,23,75.29,454
L. Cavallini,Canada,Vancouver Whitecaps FC,FWD,Pivote / Referencia,2,73,28,75.28,455
Z. Brault-Guillard,Canada,Club de Foot Montréal,DEF,Lateral Ofensivo,2,68,22,75.28,456
G. Zardes,United States,Columbus Crew,FWD,Pivote / Referencia,2,73,29,75.24,457
B. Petković,Croatia,Dinamo Zagreb,FWD,Extremo / Delantero Dinámico,3,76,26,75.23,458
H. Sakai,Japan,Urawa Red Diamonds,DEF,Lateral Ofensivo,2,75,31,75.18,459
A. Gomis,Senegal,Stade Rennais FC,GK,Portero de Reserva,2,76,27,75.18,460
J. Drommel,Netherlands,PSV,GK,Portero de Reserva,2,75,24,75.18,461
S. Piette,Canada,Club de Foot Montréal,MID,Mediocampista Defensivo,3,71,26,75.17,462
T. Tomiyasu,Japan,Arsenal,DEF,Defensa Central Físico,3,75,22,75.17,463
Robert Sanchéz,Spain,Brighton & Hove Albion,GK,Portero de Reserva,2,76,23,75.13,464
A. N'Diaye,Senegal,Al Shabab,MID,Mediocampista Defensivo,3,73,31,75.1,465
Y. Touzghar,Tunisia,ESTAC Troyes,FWD,Pivote / Referencia,2,72,34,75.07,466
J. Larsen,Denmark,Udinese Calcio,MID,Mediocampista Defensivo,3,75,30,75.06,467
T. Vermaelen,Belgium,Vissel Kobe,DEF,Defensa Central Físico,3,75,35,75.06,468
V. Aboubakar,Cameroon,Al Nassr,FWD,Extremo / Delantero Dinámico,3,77,29,75.05,469
D. Díaz,Ecuador,Barcelona Sporting Club,MID,Mediocampista Ofensivo,2,76,35,75.04,470
D. Brašanac,Serbia,CA Osasuna,MID,Mediocampista Defensivo,3,76,29,75.03,471
Kim Bo Kyung,Korea Republic,Jeonbuk Hyundai Motors,MID,Mediocampista Ofensivo,2,72,31,74.96,472
D. Brooks,Wales,AFC Bournemouth,FWD,Extremo / Delantero Dinámico,3,76,23,74.87,473
M. Bolaños,Ecuador,Chongqing Liangjiang Athletic,FWD,Extremo / Delantero Dinámico,3,71,31,74.87,474
Y. Eteki,Cameroon,Granada CF,MID,Mediocampista Defensivo,3,75,23,74.82,475
M. Turner,United States,New England Revolution,GK,Portero de Reserva,2,75,27,74.81,476
J. Orozco,Mexico,Club Tijuana,GK,Portero Titular,1,75,35,74.75,477
N. Schlotterbeck,Germany,Sport-Club Freiburg,DEF,Defensa Central Físico,3,73,21,74.74,478
M. Yoshida,Japan,U.C. Sampdoria,DEF,Defensa Central Físico,3,73,32,74.67,479
A. Abdi,Tunisia,Stade Malherbe Caen,DEF,Lateral Ofensivo,2,70,27,74.67,480
C. Atsu,Ghana,Al Raed,FWD,Extremo / Delantero Dinámico,3,72,29,74.65,481
M. Wakaso,Ghana,Shenzhen FC,MID,Mediocampista Defensivo,3,71,30,74.58,482
M. Okugawa,Japan,DSC Arminia Bielefeld,MID,Mediocampista Ofensivo,2,73,25,74.57,483
Jang Hyeon Soo,Korea Republic,Al Hilal,DEF,Defensa Central Físico,3,74,29,74.52,484
S. Kagawa,Japan,PAOK,MID,Mediocampista Ofensivo,2,74,32,74.5,485
T. Sainsbury,Australia,KV Kortrijk,DEF,Defensa Central Físico,3,72,29,74.5,486
S. Adekugbe,Canada,Atakaş Hatayspor,DEF,Lateral Ofensivo,2,68,26,74.5,487
S. Bahoken,Cameroon,Angers SCO,FWD,Extremo / Delantero Dinámico,3,75,29,74.49,488
C. Larin,Canada,Beşiktaş JK,FWD,Pivote / Referencia,2,75,26,74.49,489
Lee Seung Gi,Korea Republic,Jeonbuk Hyundai Motors,MID,Mediocampista Ofensivo,2,71,33,74.42,490
F. Caicedo,Ecuador,Genoa,FWD,Extremo / Delantero Dinámico,3,78,32,74.38,491
R. Morioka,Japan,Royal Charleroi S.C.,MID,Mediocampista Defensivo,3,74,30,74.36,492
C. Fai,Cameroon,Standard de Liège,DEF,Lateral Ofensivo,2,70,28,74.3,493
Ł. Skorupski,Poland,Bologna,GK,Portero de Reserva,2,75,30,74.27,494
A. Acquah,Ghana,Al Batin,MID,Mediocampista Defensivo,3,72,29,74.25,495
M. Batshuayi,Belgium,Beşiktaş JK,FWD,Extremo / Delantero Dinámico,3,76,27,74.24,496
R. Laryea,Canada,Toronto FC,DEF,Lateral Ofensivo,2,71,26,74.2,497
N. Mendy,Senegal,Leicester City,MID,Mediocampista Defensivo,3,75,29,74.19,498
B. Rahman,Ghana,Reading,DEF,Lateral Ofensivo,2,74,26,74.18,499
W. Khazri,Tunisia,AS Saint-Étienne,FWD,Extremo / Delantero Dinámico,3,76,30,74.17,500
T. Lockyer,Wales,Luton Town,DEF,Defensa Central Físico,3,69,26,74.14,501
Jo Hyeon Woo,Korea Republic,Ulsan Hyundai FC,GK,Portero de Reserva,2,75,29,74.14,502
J. Nsame,Cameroon,BSC Young Boys,FWD,Extremo / Delantero Dinámico,3,78,28,74.11,503
K. Mitoma,Japan,Royale Union Saint-Gilloise,FWD,Extremo / Delantero Dinámico,3,73,24,74.11,504
A. Yiadom,Ghana,Reading,DEF,Lateral Ofensivo,2,73,29,74.08,505
C. Mepham,Wales,AFC Bournemouth,DEF,Defensa Central Físico,3,72,23,74.06,506
Kangin Lee,Korea Republic,RCD Mallorca,FWD,Extremo / Delantero Dinámico,3,74,20,74.03,507
D. Vlahović,Serbia,Fiorentina,FWD,Extremo / Delantero Dinámico,3,78,21,73.97,508
T. Puchacz,Poland,1. FC Union Berlin,DEF,Lateral Ofensivo,2,68,22,73.96,509
R. Grant,Australia,Sydney FC,DEF,Lateral Ofensivo,2,72,30,73.92,510
R. Ofori,Ghana,Orlando Pirates,GK,Portero de Reserva,2,74,27,73.92,511
W. Hennessey,Wales,Burnley,GK,Portero de Reserva,2,74,34,73.91,512
A. Jahanbakhsh,Iran,Feyenoord,FWD,Extremo / Delantero Dinámico,3,73,27,73.82,513
Y. Meriah,Tunisia,Al Ain FC,DEF,Defensa Central Físico,3,69,27,73.82,514
Y. Neyou,Cameroon,AS Saint-Étienne,MID,Mediocampista Defensivo,3,75,24,73.81,515
E. Aguilar,Costa Rica,Incheon United FC,MID,Mediocampista Ofensivo,2,72,29,73.77,516
A. Ben Mohamed,Tunisia,Le Havre AC,DEF,Lateral Ofensivo,2,66,26,73.71,517
K. Dolberg,Denmark,OGC Nice,FWD,Extremo / Delantero Dinámico,3,79,23,73.68,518
K. Malong,Cameroon,Olympiacos CFP,MID,Mediocampista Defensivo,3,73,25,73.65,519
E. Choupo-Moting,Cameroon,FC Bayern München,FWD,Extremo / Delantero Dinámico,3,76,32,73.59,520
E. Haji Safi,Iran,AEK Athens,DEF,Lateral Ofensivo,2,72,31,73.54,521
T. Roberts,Wales,Leeds United,MID,Mediocampista Ofensivo,2,73,22,73.52,522
K. Rezaei,Iran,Oud-Heverlee Leuven,FWD,Pivote / Referencia,2,71,29,73.5,523
F. Fajr,Morocco,Demir Grup Sivasspor,MID,Mediocampista Defensivo,3,76,32,73.49,524
R. Ibarra,Ecuador,Club América,MID,Mediocampista Ofensivo,2,74,30,73.45,525
H. Seferović,Switzerland,SL Benfica,FWD,Extremo / Delantero Dinámico,3,78,29,73.43,526
M. Miazga,United States,Deportivo Alavés,DEF,Defensa Central Físico,3,72,25,73.43,527
S. Moharrami,Iran,Dinamo Zagreb,DEF,Lateral Ofensivo,2,71,25,73.4,528
C. Gruezo,Ecuador,FC Augsburg,MID,Mediocampista Defensivo,3,72,26,73.37,529
F. Rønnow,Denmark,1. FC Union Berlin,GK,Portero de Reserva,2,74,28,73.37,530
B. Mensah,Ghana,Yukatel Kayserispor,MID,Mediocampista Ofensivo,2,72,26,73.34,531
Y. Kobayashi,Japan,Kawasaki Frontale,FWD,Extremo / Delantero Dinámico,3,73,33,73.33,532
A. Fukumori,Japan,Hokkaido Consadole Sapporo,DEF,Defensa Central Físico,3,73,28,73.3,533
A. Al Malki,Saudi Arabia,Al Ittihad,MID,Mediocampista Defensivo,3,69,26,73.27,534
C. Nørgaard,Denmark,Brentford,MID,Mediocampista Defensivo,3,73,27,73.26,535
A. Ramsdale,England,Arsenal,GK,Portero de Reserva,2,74,23,73.22,536
M. Grujić,Serbia,FC Porto,MID,Mediocampista Defensivo,3,75,25,73.21,537
Lee Chung Yong,Korea Republic,Ulsan Hyundai FC,MID,Mediocampista Ofensivo,2,71,32,73.16,538
D. Ward,Wales,Leicester City,GK,Portero de Reserva,2,74,28,73.11,539
T. Asano,Japan,VfL Bochum 1848,MID,Mediocampista Ofensivo,2,73,26,73.1,540
F. Calvo,Costa Rica,Chicago Fire Football Club,DEF,Defensa Central Físico,3,70,28,73.1,541
D. Vukovic,Australia,N.E.C. Nijmegen,GK,Portero de Reserva,2,74,36,73.07,542
C. Fassnacht,Switzerland,BSC Young Boys,MID,Mediocampista Ofensivo,2,75,27,72.99,543
H. Souttar,Australia,Stoke City,DEF,Defensa Central Físico,3,71,22,72.93,544
M. Hasebe,Japan,Eintracht Frankfurt,MID,Mediocampista Defensivo,3,77,37,72.85,545
A. Taggart,Australia,Cerezo Osaka,FWD,Extremo / Delantero Dinámico,3,70,28,72.83,546
M. Caktaš,Croatia,Damac FC,MID,Mediocampista Defensivo,3,75,29,72.8,547
J. Intriago,Ecuador,Fútbol Club Juárez,MID,Mediocampista Defensivo,3,72,25,72.78,548
A. Al Sulayhim,Saudi Arabia,Al Nassr,MID,Mediocampista Ofensivo,2,69,27,72.77,549
A. Ienaga,Japan,Kawasaki Frontale,FWD,Extremo / Delantero Dinámico,3,73,35,72.7,550
M. Al Kuwaykibi,Saudi Arabia,Ettifaq FC,MID,Mediocampista Ofensivo,2,71,26,72.69,551
R. Matarrita,Costa Rica,FC Cincinnati,DEF,Lateral Ofensivo,2,71,26,72.64,552
K. Ansarifard,Iran,AEK Athens,FWD,Extremo / Delantero Dinámico,3,74,31,72.63,553
J. Altidore,United States,Toronto FC,FWD,Pivote / Referencia,2,71,31,72.61,554
B. Saka,England,Arsenal,MID,Mediocampista Defensivo,3,80,19,72.57,555
B. Wright,Australia,Sunderland,DEF,Defensa Central Físico,3,68,28,72.5,556
O. El Kaddouri,Morocco,PAOK,MID,Mediocampista Ofensivo,2,73,30,72.49,557
R. McGree,Australia,Birmingham City,MID,Mediocampista Ofensivo,2,70,22,72.49,558
A. Layouni,Tunisia,Vålerenga Fotball,FWD,Extremo / Delantero Dinámico,3,69,28,72.48,559
J. Allen,Wales,Stoke City,MID,Mediocampista Defensivo,3,70,31,72.45,560
K. Al Ghamdi,Saudi Arabia,Al Shabab,DEF,Lateral Ofensivo,2,67,33,72.42,561
E. Kawashima,Japan,RC Strasbourg Alsace,GK,Portero de Reserva,2,73,38,72.42,562
A. Al Bulayhi,Saudi Arabia,Al Hilal,DEF,Defensa Central Físico,3,67,31,72.41,563
M. Dräger,Tunisia,Nottingham Forest,DEF,Lateral Ofensivo,2,69,25,72.39,564
Moon Seon Min,Korea Republic,Jeonbuk Hyundai Motors,MID,Mediocampista Ofensivo,2,71,29,72.31,565
M. Aebischer,Switzerland,BSC Young Boys,MID,Mediocampista Defensivo,3,75,24,72.3,566
Han Kyo Won,Korea Republic,Jeonbuk Hyundai Motors,MID,Mediocampista Ofensivo,2,72,31,72.29,567
M. Kaye,Canada,Colorado Rapids,MID,Mediocampista Defensivo,3,71,26,72.29,568
J. Sornoza,Ecuador,Independiente del Valle,MID,Mediocampista Ofensivo,2,72,27,72.26,569
A. Madu,Saudi Arabia,Al Nassr,DEF,Defensa Central Físico,3,67,27,72.26,570
S. Bguir,Tunisia,Abha Club,MID,Mediocampista Ofensivo,2,72,27,72.21,571
C. Rodríguez,Mexico,CF Monterrey,MID,Mediocampista Defensivo,3,75,24,72.19,572
B. Aaronson,United States,FC Red Bull Salzburg,MID,Mediocampista Ofensivo,2,70,20,72.18,573
M. Crépeau,Canada,Vancouver Whitecaps FC,GK,Portero de Reserva,2,73,27,72.14,574
F. Gaibor,Ecuador,Independiente del Valle,MID,Mediocampista Ofensivo,2,70,29,72.09,575
S. Al Shehri,Saudi Arabia,Al Hilal,FWD,Pivote / Referencia,2,68,27,72.04,576
P. Arriola,United States,D.C. United,MID,Mediocampista Ofensivo,2,73,26,71.98,577
D. Palacios,Ecuador,Los Angeles FC,DEF,Lateral Ofensivo,2,70,21,71.98,578
Son Jun Ho,Korea Republic,Shandong Taishan,MID,Mediocampista Defensivo,3,71,29,71.93,579
T. Rogić,Australia,Celtic,MID,Mediocampista Ofensivo,2,72,28,71.91,580
A. Behich,Australia,GZT Giresunspor,DEF,Lateral Ofensivo,2,69,30,71.88,581
H. Morita,Japan,Santa Clara,MID,Mediocampista Defensivo,3,73,26,71.83,582
M. Pineida,Ecuador,Barcelona Sporting Club,DEF,Lateral Ofensivo,2,71,28,71.83,583
M. Gómez,Uruguay,Valencia CF,FWD,Extremo / Delantero Dinámico,3,80,24,71.82,584
Kang Hyeon Mu,Korea Republic,Pohang Steelers,GK,Portero de Reserva,2,72,26,71.79,585
A. Abedzadeh,Iran,SD Ponferradina,GK,Portero de Reserva,2,73,28,71.77,586
S. Arfield,Canada,Rangers FC,MID,Mediocampista Defensivo,3,73,32,71.76,587
S. Khaoui,Tunisia,Clermont Foot 63,MID,Mediocampista Ofensivo,2,71,26,71.76,588
D. Aimar,Ecuador,Barcelona Sporting Club,DEF,Defensa Central Físico,3,70,26,71.74,589
J. Rodon,Wales,Tottenham Hotspur,DEF,Defensa Central Físico,3,72,23,71.72,590
M. George,Costa Rica,FC Lausanne-Sport,FWD,Pivote / Referencia,2,68,27,71.68,591
E. Mera,Ecuador,Independiente del Valle,MID,Mediocampista Ofensivo,2,71,36,71.65,592
J. Wind,Denmark,F.C. København,FWD,Pivote / Referencia,2,72,22,71.63,593
Choi Young Joon,Korea Republic,Jeonbuk Hyundai Motors,MID,Mediocampista Defensivo,3,71,29,71.63,594
M. Estrada,Ecuador,Deportivo Toluca,FWD,Pivote / Referencia,2,70,25,71.58,595
Go Yo Han,Korea Republic,FC Seoul,MID,Mediocampista Defensivo,3,71,33,71.53,596
K. Świderski,Poland,PAOK,FWD,Pivote / Referencia,2,73,24,71.42,597
C. Bassogog,Cameroon,Shanghai Shenhua FC,FWD,Pivote / Referencia,2,72,25,71.42,598
J. Lössl,Denmark,FC Midtjylland,GK,Portero de Reserva,2,72,32,71.34,599
J. Cascante,Costa Rica,Austin FC,DEF,Defensa Central Físico,3,67,27,71.32,600
L. León,Ecuador,Barcelona Sporting Club,DEF,Defensa Central Físico,3,71,28,71.31,601
J. Mora,Costa Rica,D.C. United,DEF,Lateral Ofensivo,2,69,28,71.29,602
P. Ortíz,Ecuador,CS Emelec,GK,Portero de Reserva,2,71,31,71.29,603
M. Hongla,Cameroon,Hellas Verona,MID,Mediocampista Defensivo,3,73,23,71.27,604
Y. Nagatomo,Japan,FC Tokyo,DEF,Lateral Ofensivo,2,73,34,71.15,605
M. Pouraliganji,Iran,Shenzhen FC,DEF,Defensa Central Físico,3,69,29,71.08,606
A. Olsen,Denmark,Bologna,MID,Mediocampista Ofensivo,2,72,21,71.06,607
A. Masina,Morocco,Watford,DEF,Defensa Central Físico,3,74,27,71.04,608
M. Jensen,Denmark,Brentford,MID,Mediocampista Defensivo,3,74,25,71.02,609
C. Ekuban,Ghana,Genoa,MID,Mediocampista Ofensivo,2,75,27,70.99,610
M. Klich,Poland,Leeds United,MID,Mediocampista Defensivo,3,75,31,70.96,611
J. Dudziak,Tunisia,SpVgg Greuther Fürth,MID,Mediocampista Defensivo,3,72,25,70.92,612
A. Hrustić,Australia,Eintracht Frankfurt,MID,Mediocampista Ofensivo,2,70,24,70.91,613
S. Thioub,Senegal,Angers SCO,MID,Mediocampista Ofensivo,2,73,26,70.82,614
C. Elder,Australia,Hull City,DEF,Lateral Ofensivo,2,69,26,70.8,615
R. Norrington-Davies,Wales,Sheffield United,DEF,Lateral Ofensivo,2,68,22,70.8,616
M. Mohebi,Iran,Santa Clara,FWD,Extremo / Delantero Dinámico,3,67,23,70.73,617
S. Lukić,Serbia,Torino F.C.,MID,Mediocampista Defensivo,3,75,24,70.71,618
S. Ghoddos,Iran,Brentford,MID,Mediocampista Ofensivo,2,70,27,70.69,619
M. James,Canada,Vejle Boldklub,DEF,Defensa Central Físico,3,66,27,70.67,620
J. Léa Siliki,Cameroon,Middlesbrough,MID,Mediocampista Defensivo,3,71,25,70.65,621
J. Cifuentes,Ecuador,Los Angeles FC,MID,Mediocampista Defensivo,3,71,22,70.51,622
S. Al Faraj,Saudi Arabia,Al Hilal,MID,Mediocampista Defensivo,3,73,31,70.48,623
N. Boilesen,Denmark,F.C. København,DEF,Lateral Ofensivo,2,72,29,70.37,624
J. Williams,Wales,Swindon Town,MID,Mediocampista Ofensivo,2,67,27,70.36,625
B. Tetteh,Ghana,Yeni Malatyaspor,FWD,Pivote / Referencia,2,72,23,70.28,626
K. Kozłowski,Poland,Pogoń Szczecin,MID,Mediocampista Ofensivo,2,68,17,70.26,627
M. Hawsawi,Saudi Arabia,Al Ahli,DEF,Defensa Central Físico,3,67,29,70.25,628
M. Kanno,Saudi Arabia,Al Hilal,MID,Mediocampista Defensivo,3,70,26,69.99,629
M. Kudus,Ghana,Ajax,MID,Mediocampista Defensivo,3,77,20,69.93,630
N. Williams,Wales,Liverpool,DEF,Lateral Ofensivo,2,68,20,69.81,631
A. Alipour,Iran,Clube Sport Marítimo,FWD,Pivote / Referencia,2,66,25,69.75,632
A. Davies,Wales,Stoke City,GK,Portero de Reserva,2,71,28,69.71,633
G. Til,Netherlands,Feyenoord,MID,Mediocampista Defensivo,3,73,23,69.68,634
E. Ampadu,Wales,Venezia FC,DEF,Defensa Central Físico,3,68,20,69.68,635
T. Ream,United States,Fulham,DEF,Defensa Central Físico,3,69,33,69.63,636
J. Sargent,United States,Norwich City,FWD,Pivote / Referencia,2,71,21,69.6,637
J. Osorio,Canada,Toronto FC,MID,Mediocampista Defensivo,3,72,29,69.6,638
O. Haddadi,Tunisia,Yeni Malatyaspor,DEF,Lateral Ofensivo,2,68,29,69.6,639
Ki Sung Yueng,Korea Republic,FC Seoul,MID,Mediocampista Defensivo,3,73,32,69.58,640
S. Muwashar,Saudi Arabia,Al Ahli,MID,Mediocampista Ofensivo,2,68,32,69.49,641
J. Irvine,Australia,FC St. Pauli,MID,Mediocampista Defensivo,3,68,28,69.42,642
J. Morrell,Wales,Portsmouth,MID,Mediocampista Ofensivo,2,66,24,69.42,643
Yoon Bit Garam,Korea Republic,Ulsan Hyundai FC,MID,Mediocampista Defensivo,3,73,31,69.41,644
E. Horvath,United States,Nottingham Forest,GK,Portero de Reserva,2,71,26,69.38,645
H. Kadish,Saudi Arabia,Al Taawoun,DEF,Lateral Ofensivo,2,67,28,69.32,646
L. Díaz,Costa Rica,Columbus Crew,MID,Mediocampista Ofensivo,2,69,22,69.24,647
A. Beiranvand,Iran,Boavista FC,GK,Portero de Reserva,2,70,28,69.21,648
J. Moder,Poland,Brighton & Hove Albion,MID,Mediocampista Defensivo,3,70,22,69.09,649
Y. Musah,United States,Valencia CF,MID,Mediocampista Ofensivo,2,71,18,69.07,650
M. Al Owais,Saudi Arabia,Al Ahli,GK,Portero de Reserva,2,70,29,68.98,651
A. Aseri,Saudi Arabia,Al Nassr,MID,Mediocampista Ofensivo,2,67,27,68.75,652
A. Sharahili,Saudi Arabia,Al Shabab,DEF,Lateral Ofensivo,2,68,27,68.57,653
M. Boyle,Australia,Hibernian,MID,Mediocampista Ofensivo,2,71,28,68.47,654
M. Hosseini,Iran,Yukatel Kayserispor,DEF,Defensa Central Físico,3,67,25,68.38,655
Y. Belhanda,Morocco,Adana Demirspor,MID,Mediocampista Defensivo,3,74,31,68.37,656
S. Makani,Iran,Mjøndalen IF,GK,Portero de Reserva,2,68,34,68.33,657
S. Beitashour,Iran,Colorado Rapids,DEF,Lateral Ofensivo,2,68,34,68.3,658
K. Jóźwiak,Poland,Derby County,MID,Mediocampista Ofensivo,2,70,23,68.28,659
M. Naderi,Iran,Altay SK,DEF,Defensa Central Físico,3,65,24,68.28,660
Lee Jae Sung,Korea Republic,1. FSV Mainz 05,MID,Mediocampista Defensivo,3,75,28,68.19,661
S. Ezatolahi,Iran,Vejle Boldklub,MID,Mediocampista Defensivo,3,67,24,68.16,662
A. Al Mayoof,Saudi Arabia,Al Hilal,GK,Portero de Reserva,2,68,34,68.1,663
S. Niazmand,Iran,Portimonense SC,GK,Portero de Reserva,2,68,26,67.8,664
L. Thomas,Australia,SønderjyskE,GK,Portero de Reserva,2,69,29,67.53,665
S. Khelifi,Tunisia,FC Zürich,MID,Mediocampista Ofensivo,2,65,27,67.32,666
K. Dougall,Australia,Blackpool,MID,Mediocampista Defensivo,3,67,28,67.18,667
S. Lletget,United States,LA Galaxy,MID,Mediocampista Defensivo,3,72,28,67.06,668
F. Brown Forbes,Costa Rica,Wisła Kraków,FWD,Pivote / Referencia,2,65,29,67.04,669
U. Segura,Costa Rica,Austin FC,MID,Mediocampista Ofensivo,2,66,28,66.72,670
S. Chabbi,Tunisia,SV Ried,FWD,Pivote / Referencia,2,66,27,66.7,671
M. Loría,Costa Rica,Portland Timbers,MID,Mediocampista Ofensivo,2,66,24,66.66,672
W. Francis,Costa Rica,Columbus Crew,DEF,Lateral Ofensivo,2,66,30,66.6,673
M. Ugalde,Costa Rica,FC Twente,FWD,Pivote / Referencia,2,65,19,66.38,674
D. Levitt,Wales,Dundee United,MID,Mediocampista Ofensivo,2,63,20,66.28,675
B. Oviedo,Costa Rica,F.C. København,DEF,Lateral Ofensivo,2,65,31,66.24,676
M. Gouaida,Tunisia,SV Waldhof Mannheim 07,MID,Mediocampista Ofensivo,2,63,28,65.68,677
A. Ateef,Saudi Arabia,Al Hilal,MID,Mediocampista Defensivo,3,71,28,65.65,678
A. Slimane,Tunisia,Brøndby IF,MID,Mediocampista Ofensivo,2,65,20,65.42,679
A. Cruz,Costa Rica,FC Cincinnati,MID,Mediocampista Ofensivo,2,64,25,65.39,680
C. Gunter,Wales,Charlton Athletic,DEF,Lateral Ofensivo,2,64,31,64.59,681
C. Ben Saada,Tunisia,SC Bastia,MID,Mediocampista Ofensivo,2,63,37,64.56,682
I. Jebali,Tunisia,Odense Boldklub,FWD,Pivote / Referencia,2,66,29,64.29,683
D. Wotherspoon,Canada,St. Johnstone FC,FWD,Pivote / Referencia,2,69,31,64.25,684
M. Ben Ouanes,Tunisia,Kasimpaşa SK,DEF,Lateral Ofensivo,2,63,26,63.98,685
J. Leutwiler,Canada,Oldham Athletic,GK,Portero de Reserva,2,64,32,63.89,686
A. Karimi,Iran,Yukatel Kayserispor,MID,Mediocampista Ofensivo,2,64,27,63.73,687
W. Kechrida,Tunisia,US Salernitana 1919,DEF,Lateral Ofensivo,2,64,25,63.68,688
H. Mejbri,Tunisia,Manchester United,MID,Mediocampista Ofensivo,2,62,18,63.47,689
A. Lassiter,Costa Rica,Houston Dynamo,MID,Mediocampista Ofensivo,2,62,26,62.96,690
I. Basafa,Iran,Bengaluru FC,MID,Mediocampista Defensivo,3,62,29,62.11,691
M. Lamti,Tunisia,Hannover 96,MID,Mediocampista Defensivo,3,62,20,61.72,692
A. Mabil,Australia,FC Midtjylland,FWD,Pivote / Referencia,2,69,25,61.52,693
N. Zalewski,Poland,Roma,MID,Mediocampista Ofensivo,2,63,19,61.06,694
M. Ureña,Costa Rica,Central Coast Mariners,FWD,Pivote / Referencia,2,66,31,58.15,695
D. Vega,Costa Rica,Sandefjord Fotball,FWD,Pivote / Referencia,2,62,28,49.99,696
